[
    {
        "copyright": "\nMarcin Rosadzi\u0144ski\n",
        "date": "2024-05-29",
        "explanation": "What happens if you ascend this stairway to the Milky Way? Before answering that, let's understand the beautiful sky you will see.  Most eye-catching is the grand arch of the Milky Way Galaxy, the band that is the central disk of our galaxy which is straight but distorted by the wide-angle nature of this composite image.  Many stars well in front of the Milk Way will be visible, with the bright white star just below the stellar arch being Altair, and the bright blue star above it being Vega.  The air glows green on the left, just above the yellow cloud deck.  The featured image was taken last month on Portugal's Madeira Island in the North Atlantic Ocean.  Oh, and what happens after you reach the top of these stairs and admire the amazing sky is, quite probably, that you then descend down the stairs on the other side.   Your Sky Surprise: What picture did APOD feature on your birthday? (post 1995)",
        "hdurl": "https://apod.nasa.gov/apod/image/2405/StairwayToMilkyway_Marcin_6000.jpg",
        "media_type": "image",
        "service_version": "v1",
        "title": "Stairway to the Milky Way",
        "url": "https://apod.nasa.gov/apod/image/2405/StairwayToMilkyway_Marcin_1080.jpg"
    },
    {
        "copyright": "\nValter Binotto\n",
        "date": "2024-05-30",
        "explanation": "Why does a cloudy moon sometimes appear colorful? The effect, called a lunar corona, is created by the quantum mechanical diffraction of light around individual, similarly-sized water droplets in an intervening but mostly-transparent cloud. Since light of different colors has different wavelengths, each color diffracts differently. Lunar coronae are one of the few  quantum mechanical color effects that can be easily seen with the unaided eye.  Solar coronae are also sometimes evident. The featured image was taken last month from Paris, France.  The blue beacon emanating from the Eiffel Tower did not affect the colorful lunar corona.   Portal Universe: Random APOD Generator",
        "hdurl": "https://apod.nasa.gov/apod/image/2405/EiffelCorona_Binotto_2000.jpg",
        "media_type": "image",
        "service_version": "v1",
        "title": "A Lunar Corona over Paris",
        "url": "https://apod.nasa.gov/apod/image/2405/EiffelCorona_Binotto_960.jpg"
    }
]